State Name,Initial Walk Distance in miles: < 0.10,"Initial Walk Distance in miles: 0.10 - 
0.25",Initial Walk Distance in miles: 0.25 - 0.50,Initial Walk Distance in miles: 0.50 - 1.00,Initial Walk Distance in miles: > 1.00,Initial Walk Distance in miles: No Access,Initial Walk Duration in minutes: < 5,Initial Walk Duration in minutes: 5 - 10,Initial Walk Duration in minutes: 10 - 15,Initial Walk Duration in minutes: 15 - 30,Initial Walk Duration in minutes: > 30,Initial Walk Duration in minutes: No Access,Total Walk Distance in miles: < 0.10,"Total Walk Distance in miles: 0.10 - 
0.25",Total Walk Distance in miles: 0.25 - 0.50,Total Walk Distance in miles: 0.50 - 1.00,Total Walk Distance in miles: > 1.00,Total Walk Distance in miles: No Access,Total Walk Duration in minutes: < 5,Total Walk Duration in minutes: 5 - 10,Total Walk Duration in minutes: 10 - 15,Total Walk Duration in minutes: 15 - 30,Total Walk Duration in minutes: > 30,Total Walk Duration in minutes: No Access,Initial Wait Time in minutes: < 5,Initial Wait Time in minutes: 5 - 10,Initial Wait Time in minutes: 10 - 15,Initial Wait Time in minutes: 15 - 30,"Initial Wait Time in minutes: > 30
< 60",Initial Wait Time in minutes: No Access,Travel Duration in minutes: < 15,Travel Duration in minutes: 15 - 30,Travel Duration in minutes: 30 - 45,Travel Duration in minutes: 45 - 60,Travel Duration in minutes: > 60,Travel Duration in minutes: No Access,In-Vehicle Duration in minutes: < 15,In-Vehicle Duration in minutes: 15 - 30,In-Vehicle Duration in minutes: 30 - 45,In-Vehicle Duration in minutes: 45 - 60,In-Vehicle Duration in minutes: > 60,In-Vehicle Duration in minutes: No Access,Out-of-Vehicle Duration in minutes: < 15,Out-of-Vehicle Duration in minutes: 15 - 30,Out-of-Vehicle Duration in minutes: 30 - 45,Out-of-Vehicle Duration in minutes: 45 - 60,Out-of-Vehicle Duration in minutes: > 60,Out-of-Vehicle Duration in minutes: No Access,Total Wait Duration in minutes: < 5,Total Wait Duration in minutes: 5 - 10,Total Wait Duration in minutes: 10 - 15,Total Wait Duration in minutes: 15 - 30,Total Wait Duration in minutes: > 30,Total Wait Duration in minutes: No Access,Transfers: < 1,Transfers: 1 - 2,Transfers: 2 - 3,Transfers: 3 - 4,Transfers: > 4,Transfers: No Access,Transit:Driving: < 2,Transit:Driving: 2 - 4,Transit:Driving: 4 - 6,Transit:Driving: 6 - 8,Transit:Driving: > 8,Transit:Driving: No Access,In-Vehicle:Out-of-Vehicle: < 1,In-Vehicle:Out-of-Vehicle: 1 - 2,In-Vehicle:Out-of-Vehicle: 2 - 3,In-Vehicle:Out-of-Vehicle: 3 - 4,In-Vehicle:Out-of-Vehicle: > 4,In-Vehicle:Out-of-Vehicle: No Access
Alabama,0.614154806,1.101579255,1.413530903,0.19496978,1.433027881,95.24273738,0.740885163,1.559758237,1.082082277,0.643400273,0.731136674,95.24273738,0.087736401,0.692142718,1.930200819,0,2.047182687,95.24273738,0.916357965,2.164164554,0.47767596,0.048742445,1.1503217,95.24273738,0.442303912,0.953410655,1.651267938,0.501277767,0.42264596,96.02909377,0.058490934,0.370442581,0.740885163,0,3.587443946,95.24273738,1.34529148,1.218561123,0.682394229,0.887112498,0.623903295,95.24273738,0.692142718,0.877364009,0.77013063,0.038993956,2.378631312,95.24273738,0.350945603,1.004094365,0.487424449,0.19496978,2.719828427,95.24273738,1.793721973,2.476116202,0.467927471,0.019496978,0,95.24273738,0.019496978,0.204718269,0.750633652,0,3.782413726,95.24273738,0.779879119,0.068239423,0.029245467,3.879898616,0,95.24273738
Alaska,6.448026681,8.171206226,7.670928293,2.779321845,3.835464147,71.09505281,5.725403002,5.280711506,8.171206226,8.060033352,1.667593107,71.09505281,1.834352418,7.72651473,13.00722624,0.333518621,6.003335186,71.09505281,7.170650361,10.72818232,5.892162312,1.61200667,3.501945525,71.09505281,3.676048248,9.821941413,2.986789202,4.652498564,5.399195864,73.46352671,3.613118399,3.724291273,8.44913841,0.72262368,12.39577543,71.09505281,8.44913841,8.282379099,0.333518621,10.00555864,1.834352418,71.09505281,7.782101167,9.949972207,1.723179544,3.501945525,5.947748749,71.09505281,3.335186215,10.22790439,3.891050584,4.6692607,6.781545303,71.09505281,22.45692051,6.336853808,0.111172874,0,0,71.09505281,2.001111729,6.725958866,5.614230128,0,14.56364647,71.09505281,5.947748749,0.667037243,0.166759311,22.06781545,0.055586437,71.09505281
Arizona,8.644501279,15.90792839,15.47314578,1.815856777,9.309462916,48.84910486,10.0511509,12.89002558,15.06393862,8.593350384,4.552429668,48.84910486,0.460358056,4.859335038,21.66240409,0.025575448,24.14322251,48.84910486,8.746803069,25.29411765,3.043478261,0.383631714,13.68286445,48.84910486,7.962328767,15.1826484,4.223744292,8.847031963,9.275114155,54.50913242,0.664961637,4.015345269,5.166240409,0.025575448,41.27877238,48.84910486,11.27877238,10.66496164,10.12787724,8.439897698,10.63938619,48.84910486,6.163682864,14.55242967,12.40409207,0.511508951,17.51918159,48.84910486,4.859335038,16.24040921,4.296675192,2.864450128,22.89002558,48.84910486,18.33759591,22.60869565,8.772378517,1.432225064,0,48.84910486,0.664961637,6.879795396,15.16624041,0,28.4398977,48.84910486,13.09462916,1.099744246,0.153452685,36.80306905,0,48.84910486
Arkansas,0.691305504,0.90401489,1.054684038,0.16839493,0.948329345,96.23327129,0.638128157,1.161038731,0.841974652,0.717894177,0.407692989,96.23327129,0.301338297,0.841974652,1.196490295,0.008862891,1.418062572,96.23327129,0.74448285,1.196490295,0.797660197,0.221572277,0.806523088,96.23327129,0.435981849,0.92534923,1.112198594,0.364801139,0.551650503,96.61001868,0.132943366,0.629265266,0.664716831,0.017725782,2.322077462,96.23327129,0.895151999,0.948329345,0.194983604,1.391473899,0.336789861,96.23327129,0.673579722,0.646991048,1.214216077,0.088628911,1.143312949,96.23327129,0.425418772,1.07240982,0.257023841,0.230435168,1.781441106,96.23327129,1.506691483,1.843481344,0.416555881,0,0,96.23327129,0.044314455,0.106354693,0.354515643,0,3.261543916,96.23327129,0.301338297,0.035451564,0.008862891,3.412213064,0.008862891,96.23327129
California,12.55331089,18.6026936,20.57800224,3.911335578,13.7654321,30.58922559,12.08193042,19.36026936,17.96296296,13.9674523,6.038159371,30.58922559,2.777777778,11.87991021,24.39955107,0.252525253,30.1010101,30.58922559,11.7620651,26.83501684,9.893378227,1.975308642,18.94500561,30.58922559,9.725717162,16.29969804,9.612481127,13.55686965,16.51358832,34.2916457,6.689113356,11.28507295,12.4691358,0.533108866,38.43434343,30.58922559,23.0359147,10.5667789,5.662177329,25.45454545,4.691358025,30.58922559,16.5375982,16.31874299,9.971941639,3.872053872,22.71043771,30.58922559,8.338945006,16.62738496,9.562289562,9.500561167,25.38159371,30.58922559,39.42199776,23.06397306,5.145903479,1.200897868,0.578002245,30.58922559,1.84624018,7.918069585,13.40628507,0.005611672,46.2345679,30.58922559,8.372615039,0.993265993,0.303030303,59.59034792,0.151515152,30.58922559
Colorado,4.437198752,5.316132691,6.818826198,1.885455061,7.428409413,74.11397788,3.742557414,8.392401474,5.330309045,5.528777998,2.891976184,74.11397788,1.814573292,3.459030337,6.875531613,0.283527077,13.4533598,74.11397788,3.629146583,8.44910689,2.948681599,1.545222569,9.313864474,74.11397788,2.200689768,3.596649696,2.167843652,3.169650189,3.005419609,85.85974708,1.630280692,1.204990077,2.225687553,0.7371704,20.08789339,74.11397788,2.154805784,3.076268784,3.841791891,4.380493337,12.43266232,74.11397788,2.594272753,2.183158492,1.715338815,1.984689538,17.40856252,74.11397788,1.488517153,2.778565353,2.069747661,1.644457046,17.9047349,74.11397788,8.278990644,7.357527644,9.710802382,0.453643323,0.085058123,74.11397788,2.636801815,3.388148568,2.282392969,0.014176354,17.56450241,74.11397788,2.339098384,0.935639354,0.396937908,22.17181741,0.042529062,74.11397788
Connecticut,12.44444444,13.18518519,16,7.061728395,15.65432099,35.65432099,8.345679012,17.62962963,12.83950617,17.87654321,7.654320988,35.65432099,2.074074074,10.41975309,24.39506173,0.296296296,27.16049383,35.65432099,11.0617284,26.96296296,8.543209877,1.530864198,16.24691358,35.65432099,8.431703204,14.95222035,14.55874087,9.668353007,11.80438449,40.58459809,2.666666667,5.87654321,8.592592593,0.197530864,47.01234568,35.65432099,14.71604938,12.2962963,12.09876543,10.81481481,14.41975309,35.65432099,13.48148148,11.16049383,7.901234568,1.827160494,29.97530864,35.65432099,6.913580247,13.08641975,6.666666667,5.234567901,32.44444444,35.65432099,27.7037037,20.9382716,12.69135802,2.716049383,0.296296296,35.65432099,1.679012346,12.83950617,13.33333333,0,36.49382716,35.65432099,13.08641975,1.827160494,0.444444444,48.83950617,0.148148148,35.65432099
Delaware,12.80148423,17.2541744,17.99628942,4.823747681,18.92393321,28.20037106,11.68831169,19.66604824,17.06864564,14.6567718,8.719851577,28.20037106,5.565862709,15.02782931,21.33580705,1.298701299,28.57142857,28.20037106,12.61595547,24.30426716,14.10018553,4.638218924,16.14100186,28.20037106,8.921161826,24.06639004,10.99585062,11.2033195,13.2780083,31.53526971,7.421150278,6.307977737,11.68831169,1.113172542,45.2690167,28.20037106,23.37662338,19.10946197,7.050092764,16.14100186,6.12244898,28.20037106,15.21335807,13.3580705,13.3580705,6.864564007,23.00556586,28.20037106,6.493506494,19.29499072,8.348794063,10.01855288,27.64378479,28.20037106,46.93877551,16.32653061,8.163265306,0.185528757,0.185528757,28.20037106,12.24489796,15.9554731,13.3580705,0.185528757,30.05565863,28.20037106,12.61595547,2.226345083,1.484230056,55.47309833,0,28.20037106
Florida,6.208626577,9.74148143,13.13497317,1.665389171,12.06187722,57.18765243,7.37230855,13.65061668,9.14918821,6.65458853,5.9856456,57.18765243,1.114904885,5.644205979,12.77262909,0.006968156,23.27363947,57.18765243,6.194690265,15.07908857,4.376001672,0.710751864,16.4518152,57.18765243,5.232092108,11.20017489,9.990526853,6.689499381,7.082999344,59.80470743,0.884955752,2.327363947,4.34812905,0.048777089,35.20312173,57.18765243,8.940143544,9.21190161,8.02731517,4.87770887,11.75527838,57.18765243,5.463033935,8.689289945,8.347850324,1.212459062,19.09971431,57.18765243,4.02062574,11.45564769,4.062434674,3.546791164,19.7268483,57.18765243,18.49348477,16.93261794,6.619747753,0.515643509,0.250853599,57.18765243,1.456344506,7.198104662,10.22228416,0,23.93561424,57.18765243,9.957494251,1.985924326,0.515643509,29.78886489,0.564420598,57.18765243
Georgia,1.162365373,1.520016257,2.158097948,0.357650884,2.426336111,92.37553343,1.219264377,2.292217029,1.410282463,1.300548669,1.402154034,92.37553343,0.186953871,1.198943304,2.304409673,0,3.934159724,92.37553343,1.259906523,2.714895346,0.816907133,0.093476936,2.739280634,92.37553343,1.11006431,2.068570024,1.253430549,1.11006431,1.355835006,93.1020358,0.268238163,0.520219468,0.906319854,0.012192644,5.917496444,92.37553343,2.121520016,2.198740093,1.081081081,1.068888437,1.154236944,92.37553343,1.032310506,1.897988214,1.467181467,0.182889657,3.044096728,92.37553343,0.751879699,2.552326763,0.556797399,0.520219468,3.243243243,92.37553343,2.901849218,3.121316806,1.129851656,0.304816094,0.166632798,92.37553343,0.577118472,1.767933347,1.48750254,0.004064215,3.787847998,92.37553343,1.475309896,0.166632798,0.024385288,5.950010161,0.008128429,92.37553343
Hawaii,22.80701754,23.07692308,20.91767881,8.367071525,18.08367072,6.747638327,13.63022942,21.05263158,23.07692308,27.26045884,8.232118758,6.747638327,8.636977058,28.20512821,30.90418354,0,25.50607287,6.747638327,21.05263158,26.58569501,25.23616734,5.668016194,14.70985155,6.747638327,11.75637394,23.51274788,22.80453258,14.87252125,19.97167139,7.082152975,7.01754386,9.446693657,18.89338731,0.134952767,57.75978408,6.747638327,21.05263158,23.61673414,15.92442645,19.16329285,13.49527665,6.747638327,24.69635628,21.99730094,11.20107962,9.986504723,25.37112011,6.747638327,11.20107962,18.75843455,11.74089069,16.59919028,34.95276653,6.747638327,55.19568151,32.11875843,5.937921727,0,0,6.747638327,18.62348178,26.31578947,13.90013495,0.134952767,34.2780027,6.747638327,27.26045884,8.906882591,1.889338731,53.71120108,1.484480432,6.747638327
Idaho,3.033046627,4.692922891,5.19088577,0.754489211,4.753282028,81.57537347,3.455560585,5.055077712,4.300588502,3.229213822,2.384185906,81.57537347,0.769578995,2.157839143,4.90417987,0.060359137,10.53266938,81.57537347,2.11256979,7.318545345,1.93149238,0.5734118,6.488607213,81.57537347,1.577689243,3.80876494,4.09561753,1.944223108,2.422310757,86.15139442,0.845027916,1.82586389,1.358080579,0.045269353,14.35038479,81.57537347,7.333635129,3.787535838,1.086464464,4.753282028,1.463709069,81.57537347,2.776520296,2.821789648,1.780594537,0.558322016,10.48740003,81.57537347,1.071374679,3.093405764,1.448619285,1.508978422,11.30224838,81.57537347,10.68356722,7.22800664,0.513052663,0,0,81.57537347,0.120718274,0.950656406,2.746340727,0,14.60691112,81.57537347,1.403349932,0.10562849,0.045269353,16.77984005,0.090538705,81.57537347
Illinois,12.86681716,16.79458239,20.22573363,4.514672686,19.35289691,26.24529722,11.37697517,22.82919488,15.81640331,14.83822423,8.893905192,26.24529722,4.288939052,13.39352897,22.36267871,0.270880361,33.4386757,26.24529722,12.03912716,25.26711813,10.71482318,3.31075997,22.42287434,26.24529722,10.0477126,7.690148751,3.424080831,13.05079989,16.83974179,48.94751614,2.87434161,5.778781038,6.892400301,0.300978179,57.90820166,26.24529722,21.06847254,20.34612491,11.04589917,9.977426637,11.31677953,26.24529722,11.82844244,5.522949586,2.227238525,3.521444695,50.65462754,26.24529722,5.237020316,6.561324304,5.056433409,5.387509406,51.51241535,26.24529722,30.29345372,27.5696012,12.05417607,3.566591422,0.270880361,26.24529722,14.32656132,6.531226486,1.339352897,0.300978179,51.2565839,26.24529722,9.872084274,1.640331076,0.391271633,61.67042889,0.180586907,26.24529722
Indiana,2.246397287,2.719694829,3.708674767,0.81944052,3.546199491,86.95959311,2.126306866,3.878214185,2.613732693,2.719694829,1.702458322,86.95959311,0.713478384,2.133371009,4.160779881,0.070641424,5.962136197,86.95959311,2.239333145,4.71178299,1.709522464,0.565131393,3.814636903,86.95959311,1.540241521,3.579434522,1.858413479,1.800564032,2.20551016,89.01583629,0.854761232,1.801356315,1.575303758,0.169539418,8.639446171,86.95959311,4.083074315,2.0486013,1.631816897,2.769143826,2.507770557,86.95959311,2.60666855,2.769143826,2.175755863,0.558067251,4.930771404,86.95959311,1.412828483,3.645097485,1.271545634,1.193840068,5.517095225,86.95959311,7.311387398,3.814636903,1.243289065,0.551003108,0.120090421,86.95959311,0.38146369,1.794292173,2.140435151,0.098897994,8.625317886,86.95959311,2.232269003,0.346142978,0.098897994,10.30658378,0.056513139,86.95959311
Iowa,2.598536225,2.585107097,2.128516753,1.195192372,1.309339958,90.18330759,1.32948365,1.900221581,2.551534278,3.404283892,0.631169006,90.18330759,1.074330222,2.961122675,3.236419795,0.026858256,2.517961458,90.18330759,2.05465655,2.880547908,2.6589673,0.752031156,1.470489492,90.18330759,1.428279943,2.190029246,1.611915936,1.57790927,1.84316126,91.34870435,1.752501175,1.893507017,1.530920567,0.060431075,4.579332572,90.18330759,3.316994561,1.396629289,0.644598133,4.1093131,0.349157322,90.18330759,2.833545961,1.833075942,1.410058417,1.154904989,2.585107097,90.18330759,1.168334117,2.45081582,1.416772981,1.336198214,3.444571275,90.18330759,5.505942389,3.209561539,0.778889411,0.181293225,0.141005842,90.18330759,0.342442758,1.530920567,1.698784664,0,6.244544417,90.18330759,1.269052575,0.114147586,0.040287383,8.366346606,0.026858256,90.18330759
Kansas,1.08990109,2.00970201,1.978201978,0.283500284,1.266301266,93.37239337,1.323001323,1.707301707,1.833301833,1.184401184,0.57960058,93.37239337,0.264600265,1.285201285,2.784602785,0.031500032,2.261702262,93.37239337,1.606501607,2.57040257,0.97020097,0.201600202,1.278901279,93.37239337,0.679926288,1.734765203,1.785600813,0.762534155,0.857850925,94.17932262,0.308700309,0.585900586,2.085302085,0.012600013,3.635103635,93.37239337,2.17980218,1.197001197,0.674100674,2.192402192,0.384300384,93.37239337,1.203301203,1.795501796,1.26000126,0.270900271,2.097902098,93.37239337,0.642600643,1.801801802,0.674100674,0.636300636,2.872802873,93.37239337,4.208404208,1.827001827,0.573300573,0.018900019,0,93.37239337,0.081900082,0.516600517,1.171801172,0,4.857304857,93.37239337,0.541800542,0.176400176,0.018900019,5.884205884,0.006300006,93.37239337
Kentucky,0.901296988,1.170586942,1.59375687,0.445152781,1.731149703,94.15805672,0.835348428,1.720158277,1.192569796,1.165091229,0.928775555,94.15805672,0.26379424,1.209056936,1.97296109,0.01648714,2.379643878,94.15805672,1.082655529,2.115849637,0.923279842,0.186854254,1.533304023,94.15805672,0.597774949,1.632811203,1.057176067,0.913267283,0.968616815,94.83035368,0.18135854,0.708947021,1.126621235,0,3.825016487,94.15805672,1.950978237,1.478346889,0.846339855,0.868322708,0.697955595,94.15805672,1.253022642,1.505825456,0.961749835,0.285777094,1.835568257,94.15805672,0.659485601,1.698175423,0.719938448,0.615519894,2.148823917,94.15805672,3.775555067,1.846559683,0.219828534,0,0,94.15805672,0.241811387,1.253022642,1.494834029,0,2.852275225,94.15805672,1.192569796,0.208837107,0.0824357,4.347109255,0.010991427,94.15805672
Louisiana,2.106350026,2.777490965,2.261228704,0.805369128,1.744966443,90.30459473,1.497160558,2.0547238,2.756840475,2.467733609,0.918946825,90.30459473,0.47496128,2.643262777,3.427981415,0.030975736,3.118224058,90.30459473,2.096024781,2.953020134,2.281879195,0.309757357,2.0547238,90.30459473,1.364157034,3.332291992,1.21836926,1.416224097,1.593252109,91.07570551,0.433660299,1.156427465,1.848218895,0.082601962,6.174496644,90.30459473,3.45895715,2.581311306,1.455859577,1.806917914,0.392359319,90.30459473,2.085699535,2.591636551,2.106350026,0.547237997,2.364481156,90.30459473,1.156427465,3.118224058,0.949922561,0.939597315,3.531233867,90.30459473,4.34692824,4.728962313,0.598864223,0.02065049,0,90.30459473,0.45431079,2.209602478,2.622612287,0,4.408879711,90.30459473,1.899845121,0.402684564,0.113577697,7.258647393,0.02065049,90.30459473
Maine,2.291666667,3,4.583333333,1.083333333,4.875,84.16666667,2.458333333,5.791666667,2.666666667,2.916666667,2,84.16666667,0.375,2.541666667,5.375,0,7.541666667,84.16666667,2.541666667,6.541666667,2.291666667,0.125,4.333333333,84.16666667,1.426660722,2.674988854,3.165403477,0.980829247,1.694159608,90.05795809,0.625,0.75,0.833333333,0.458333333,13.16666667,84.16666667,4.958333333,4.041666667,2.041666667,2.791666667,2,84.16666667,1.916666667,2.541666667,1.75,0.75,8.875,84.16666667,1.291666667,2.5,0.916666667,1.5,9.625,84.16666667,11.375,3.25,1.041666667,0.166666667,0,84.16666667,0.625,1.833333333,1.625,0,11.70833333,84.20833333,0.875,0.25,0.041666667,14.625,0.041666667,84.16666667
Maryland,10.3183315,14.33589462,16.88254665,3.4467618,16.83863886,38.17782656,10.55982437,17.08013172,13.1284303,11.76728869,9.286498353,38.17782656,1.207464325,10.77936334,22.67837541,0.043907794,27.11306257,38.17782656,11.65751921,24.65422613,6.695938529,0.724478595,18.09001098,38.17782656,6.656976744,11.39534884,12.09302326,8.372093023,10.93023256,50.55232558,0.96597146,2.656421515,4.939626784,0.087815587,53.17233809,38.17782656,9.72557629,13.98463227,11.41602634,5.817782656,20.87815587,38.17782656,7.156970362,9.72557629,6.564215148,0.944017563,37.43139407,38.17782656,5.137211855,10.75740944,3.622392975,2.151481888,40.15367728,38.17782656,16.33369923,19.58287596,14.37980241,6.190998902,5.334796926,38.17782656,6.432491767,9.045005488,5.664105379,0,40.6805708,38.17782656,10.91108672,1.690450055,0.285400659,48.75960483,0.175631175,38.17782656
Massachusetts,11.25034051,15.88123127,18.98665214,6.238082266,14.19231817,33.45137565,11.68618905,18.52356306,14.30128031,15.663307,6.374284936,33.45137565,1.607191501,13.64750749,24.8161264,0.108962136,26.36883683,33.45137565,14.35576137,24.32579679,8.77145192,1.007899755,18.08771452,33.45137565,7.433682912,14.46637878,10.980876,12.67735965,16.56384948,37.87785318,4.140561155,7.7907927,8.471806047,0.13620267,46.00926178,33.45137565,17.1070553,15.20021792,8.553527649,9.370743667,16.31707981,33.45137565,15.93571234,11.82239172,7.436665759,3.840915282,27.51293925,33.45137565,6.728411877,12.17651866,9.016616726,8.553527649,30.07354944,33.45137565,26.25987469,25.08853174,10.07899755,4.38572596,0.735494416,33.45137565,12.63960774,17.16153637,10.07899755,0.108962136,26.55952057,33.45137565,17.40670117,2.50612912,0.517570144,45.92754018,0.190683737,33.45137565
Michigan,2.415083681,3.890968152,4.87253725,0.684979874,3.940399689,84.19603135,2.732857849,5.133818233,3.792105077,2.513946755,1.631240732,84.19603135,0.296589224,1.652425676,4.79485912,0,9.060094626,84.19603135,2.231480828,5.564578773,1.249911729,0.176541205,6.581456112,84.19603135,1.842143585,4.150283967,3.349351973,1.747487986,2.096985583,86.81374691,0.543746911,0.833274486,1.12986371,0.021184945,13.27589859,84.19603135,3.495515853,3.255419815,2.443330273,2.054939623,4.554763082,84.19603135,1.574747546,2.633994774,2.831720924,0.268342631,8.495162771,84.19603135,1.334651508,3.636748817,1.12986371,1.023938987,8.678765624,84.19603135,5.945907775,4.688934397,3.996892875,1.023938987,0.148294612,84.19603135,0.282465928,2.372713791,4.293482099,0,8.819998588,84.23133959,2.718734553,0.289527576,0.070616482,12.68272015,0.042369889,84.19603135
Minnesota,1.405117586,2.470048809,4.511166987,0.665582014,5.221121136,85.72696347,2.041118178,5.923679929,2.203816004,1.863629641,2.240792782,85.72696347,0.41413992,1.308977962,3.083863334,0.007395356,9.458659962,85.72696347,1.331164029,4.23014347,1.042745156,0.354977074,7.314006804,85.72696347,0.915368556,1.758471174,2.432953268,0.923398105,0.89127991,93.07852899,0.41413992,1.050140512,0.613814524,0.029581423,12.16536015,85.72696347,2.980328354,2.410885964,2.041118178,1.878420352,4.962283686,85.72696347,1.442094365,0.93181482,0.769116995,0.244046739,10.88596361,85.72696347,0.606419169,1.272001183,0.562047034,0.5176749,11.31489425,85.72696347,5.272888626,6.256470936,1.700931815,0.902233397,0.140511759,85.72696347,0.192279249,1.146280136,1.338559385,0.036976779,11.55894099,85.72696347,0.990977666,0.10353498,0.036976779,13.08238426,0.059162846,85.72696347
Mississippi,0.320855615,0.600575895,1.011929247,0.090497738,0.839160839,97.13698067,0.444261621,1.258741259,0.526532291,0.386672151,0.246812012,97.13698067,0.131633073,0.411353353,0.946112711,0,1.373920197,97.13698067,0.485396956,1.085972851,0.27972028,0.115178939,0.896750309,97.13698067,0.216306156,0.732113145,0.424292845,0.141430948,0.257903494,98.22795341,0.041135335,0.148087207,0.312628548,0.057589469,2.303578774,97.13698067,0.872069107,0.477169889,0.041135335,0.542986425,0.929658577,97.13698067,0.189222542,0.765117236,0.427807487,0.098724805,1.382147265,97.13698067,0.246812012,0.625257096,0.123406006,0.197449609,1.670094611,97.13698067,1.530234471,1.324557795,0,0.008227067,0,97.13698067,0.016454134,0.13986014,0.403126285,0,2.303578774,97.13698067,0.296174414,0.032908268,0,2.533936652,0,97.13698067
Missouri,1.256855576,1.662477148,2.405164534,0.348491773,1.988117002,92.33889397,1.445383912,2.319469835,1.496800731,1.371115174,1.02833638,92.33889397,0.314213894,1.159734918,3.016453382,0.01713894,3.153564899,92.33889397,1.336837294,3.256398537,0.862659963,0.251371115,1.953839122,92.33889397,0.63734863,1.755605771,2.201749812,0.787994669,0.967611101,93.64969002,0.125685558,0.371343693,1.096892139,0.01142596,6.055758684,92.33889397,1.913848263,2.382312614,0.999771481,0.839808044,1.525365631,92.33889397,1.03404936,1.251142596,1.068327239,0.199954296,4.107632541,92.33889397,0.422760512,1.473948812,0.417047532,0.51416819,4.833180987,92.33889397,3.204981718,1.982404022,2.016681901,0.445612431,0.01142596,92.33889397,0.091407678,0.885511883,1.525365631,0,5.158820841,92.33889397,1.068327239,0.199954296,0.051416819,6.335694698,0.00571298,92.33889397
Montana,1.679758308,2.670694864,2.936555891,0.435045317,1.607250755,90.67069486,1.981873112,2.332326284,2.429003021,1.836858006,0.749244713,90.67069486,0.350453172,1.486404834,3.685800604,0.012084592,3.794561934,90.67069486,1.474320242,4.374622356,1.172205438,0.302114804,2.006042296,90.67069486,0.866507598,2.059525305,0.590229813,1.11766922,1.142785382,94.22328268,0.265861027,1.728096677,2.126888218,0,5.208459215,90.67069486,2.731117825,3.033232628,0.302114804,2.98489426,0.277945619,90.67069486,1.848942598,1.993957704,0.809667674,0.410876133,4.265861027,90.67069486,0.954682779,1.885196375,1.01510574,0.664652568,4.809667674,90.67069486,6.682779456,2.247734139,0.326283988,0,0.072507553,90.67069486,0.120845921,0.386706949,0.918429003,0,7.903323263,90.67069486,0.725075529,0.108761329,0.012084592,8.435045317,0.048338369,90.67069486
Nebraska,0.963543539,1.567555907,1.797655857,0.352340548,1.711368376,93.60753577,1.107356008,1.711368376,1.517221543,1.078593514,0.977924786,93.60753577,0.381103042,1.445315309,2.099662041,0.007190623,2.459193212,93.60753577,1.243977853,2.26504638,1.071402891,0.266053067,1.545984037,93.60753577,0.369494531,0.716819391,0.798108188,0.894176766,1.019804907,96.20159622,0.675918602,0.488962393,0.539296757,0.079096858,4.609189617,93.60753577,1.459696556,1.035449773,0.417056159,1.092974761,2.387286978,93.60753577,0.970734163,0.639965485,0.438628029,0.553678004,3.789458546,93.60753577,0.438628029,0.740634213,0.589631121,0.625584238,3.997986625,93.60753577,2.883439994,1.438124685,1.711368376,0.115049975,0.244481197,93.60753577,0.287624937,1.812037104,0.762206083,0,3.530596103,93.60753577,1.243977853,0.100668728,0.373912418,4.623570864,0.050334364,93.60753577
Nevada,5.903457273,10.0456621,11.57860404,1.435094586,5.446836269,65.59034573,7.99086758,9.132420091,9.099804305,6.360078278,1.826484018,65.59034573,0.065231572,5.055446836,18.16699282,0,11.12198304,65.59034573,8.512720157,18.06914547,3.098499674,0.065231572,4.664057404,65.59034573,5.32231405,7.20661157,3.107438017,7.669421488,10.21487603,66.47933884,1.174168297,3.816046967,5.120678408,0,24.2987606,65.59034573,7.501630789,9.165035877,6.196999348,4.305283757,7.240704501,65.59034573,11.64383562,10.2739726,5.805609915,1.174168297,5.512067841,65.59034573,6.066536204,10.66536204,6.164383562,4.566210046,6.947162427,65.59034573,14.84018265,17.22113503,2.185257665,0.032615786,0.130463144,65.59034573,1.598173516,12.19830398,12.06784083,0,8.545335943,65.59034573,15.85127202,2.674494455,0.587084149,15.06849315,0.228310502,65.59034573
New Hampshire,2.040816327,3.291639236,3.752468729,0.855826201,3.423304806,86.6359447,1.909150757,3.818301514,2.764976959,2.699144174,2.172481896,86.6359447,0.197498354,1.777485188,3.225806452,0.065832785,8.097432521,86.6359447,2.172481896,3.884134299,0.789993417,0.263331139,6.254114549,86.6359447,0.781805259,1.634683724,2.842928216,0.710732054,0.497512438,93.53233831,0.065832785,0.526662278,1.11915734,0,11.6524029,86.6359447,1.514154049,0.592495063,1.974983542,1.645819618,7.636603028,86.6359447,0.460829493,1.25082291,1.382488479,0.131665569,10.13824885,86.6359447,0.658327847,1.843317972,0.329163924,0.329163924,10.20408163,86.6359447,2.633311389,3.686635945,1.579986833,0.987491771,4.476629361,86.6359447,0.197498354,0.592495063,0.592495063,0,11.98156682,86.6359447,1.11915734,0,0.065832785,12.17906517,0,86.6359447
New Jersey,14.05250386,18.50871388,19.85440106,5.978380763,13.41275094,28.1932495,12.37590999,18.53077432,17.3615707,17.49393338,6.0445621,28.1932495,1.544231193,8.537392455,30.88462387,0.088241782,30.7522612,28.1932495,9.044782705,37.34833444,6.596073241,1.014780499,17.80277962,28.1932495,9.569620253,17.49367089,15.13924051,12.63291139,12.81012658,32.35443038,0.485329804,2.294286345,6.904919479,0.110302228,62.01191264,28.1932495,13.92014119,20.51621443,17.16302669,4.27972645,15.92764174,28.1932495,8.802117803,18.44253254,13.89808074,0.926538716,29.7374807,28.1932495,7.015221707,20.51621443,6.154864328,2.47076991,35.64968012,28.1932495,17.69247739,29.80366203,18.9058019,4.654754026,0.750055151,28.1932495,15.06728436,16.633576,10.32428855,0.088241782,29.69335981,28.1932495,19.43525259,2.161923671,0.441208912,49.56982131,0.198544011,28.1932495
New Mexico,5.041675137,8.253710104,8.863590161,1.443382801,8.578979467,67.81866233,4.777393779,10.36796097,7.92844074,5.570237853,3.53730433,67.81866233,1.524700142,4.513112421,9.432811547,0.04065867,16.67005489,67.81866233,4.940028461,10.51026631,3.740597682,1.240089449,11.75035576,67.81866233,2.606088561,6.826568266,6.411439114,2.998154982,4.220479705,76.93726937,1.402724131,2.744460256,3.49664566,0.04065867,24.49684895,67.81866233,7.989428746,5.346615166,1.890628176,8.578979467,8.375686115,67.81866233,3.862573694,5.549908518,3.313681643,1.179101443,18.27607237,67.81866233,2.439520228,5.773531206,1.971945517,2.561496239,19.43484448,67.81866233,14.5964627,13.92559463,2.073592194,1.077454767,0.508233381,67.81866233,0.935149421,2.21589754,3.53730433,0,25.49298638,67.81866233,4.980687132,0.223622688,0.060988006,26.87538118,0.04065867,67.81866233
New York,12.31251913,15.71013162,12.22834405,3.948576676,7.698194062,48.10223447,8.295071931,10.91215182,15.7943067,13.68227732,3.213957759,48.10223447,1.232017141,10.453015,24.70921335,0.015304561,15.48821549,48.10223447,14.34802571,20.71472299,6.642179369,0.627486991,9.565350474,48.10223447,4.935658652,7.577040298,4.055198104,9.575008466,20.64002709,53.21706739,3.290480563,6.695745332,9.159779614,0.107131925,32.6446281,48.10223447,13.82001837,12.9859198,9.779614325,6.366697276,8.945515764,48.10223447,20.73002755,8.034894399,3.948576676,3.458830732,15.72543618,48.10223447,5.991735537,9.060299969,8.777165595,10.8432813,17.22528313,48.10223447,21.90847873,20.91368228,7.284970921,1.40801959,0.382614019,48.10223447,19.46740129,6.764615856,4.621977349,3.206305479,17.83746556,48.10223447,16.65901439,5.593816957,1.01775329,28.25987144,0.367309458,48.10223447
North Carolina,1.940874036,3.194087404,4.376606684,0.610539846,4.807197943,85.07069409,2.210796915,4.730077121,3.007712082,2.165809769,2.814910026,85.07069409,0.424164524,2.589974293,4.749357326,0.01285347,7.152956298,85.07069409,2.236503856,5.327763496,2.120822622,0.276349614,4.967866324,85.07069409,1.631299735,3.614058355,3.043766578,1.909814324,2.022546419,87.77851459,1.015424165,1.002570694,1.831619537,0.044987147,11.03470437,85.07069409,4.138817481,3.515424165,2.005141388,2.802056555,2.467866324,85.07069409,2.326478149,2.551413882,2.165809769,0.533419023,7.35218509,85.07069409,1.420308483,3.07840617,1.381748072,1.285347044,7.763496144,85.07069409,7.345758355,6.16966581,1.060411311,0.334190231,0.019280206,85.07069409,0.30848329,1.658097686,2.712082262,0,10.25064267,85.07069409,1.793059126,0.224935733,0.032133676,12.84061697,0.038560411,85.07069409
North Dakota,0.893081761,1.169811321,1.509433962,0.364779874,0.880503145,95.18238994,0.855345912,1.559748428,1.094339623,1.081761006,0.226415094,95.18238994,0.327044025,1.056603774,1.06918239,0.012578616,2.352201258,95.18238994,0.729559748,1.446540881,1.018867925,0.238993711,1.383647799,95.18238994,0.448948179,0.923550539,0.436121088,0.423293997,0.705489995,97.0625962,0.377358491,1.194968553,0.289308176,0.125786164,2.830188679,95.18238994,1.220125786,0.503144654,1.924528302,1.132075472,0.037735849,95.18238994,1.257861635,0.540880503,0.402515723,0.377358491,2.238993711,95.18238994,0.490566038,0.817610063,0.377358491,0.616352201,2.51572327,95.18238994,3.635220126,1.056603774,0.088050314,0.012578616,0.025157233,95.18238994,0.075471698,0.503144654,0.893081761,0,3.34591195,95.18238994,0.477987421,0.088050314,0.025157233,4.213836478,0.012578616,95.18238994
Ohio,3.417058063,4.533387788,4.764822,1.204819277,4.111360697,81.96855217,2.960996528,4.703560003,4.417670683,3.927574706,2.021645906,81.96855217,1.109522837,4.233884691,5.608876183,0.040841331,7.038322783,81.96855217,3.19243074,6.52780614,3.614457831,0.660268191,4.036484923,81.96855217,2.814181266,4.745482135,2.752103738,3.228031453,3.40046903,83.05973238,0.646654414,1.824246137,2.940575863,0.149751549,12.47021986,81.96855217,4.410863794,4.056905588,3.580423388,2.185011231,3.798243823,81.96855217,4.363215574,4.397250017,3.083520523,1.218433054,4.969028657,81.96855217,2.389217889,5.234497311,2.321149003,2.028452794,6.058130828,81.96855217,9.502416445,6.078551494,2.00122524,0.319923763,0.129330883,81.96855217,0.90531618,4.349601797,5.084745763,0,7.691784085,81.96855217,6.167041046,1.184398611,0.313116874,10.1831053,0.183785991,81.96855217
Oklahoma,0.715719647,1.440167583,1.623461639,0.165837479,0.81173082,95.24308283,1.073579471,1.387797853,1.265601815,0.750632801,0.279305228,95.24308283,0.130924326,0.986296587,2.05114777,0,1.588548486,95.24308283,1.082307759,1.911495156,0.855372261,0.061098019,0.846643973,95.24308283,0.598065084,1.178540018,0.958663149,0.642040457,0.650835532,95.97185576,0.087282884,0.471327573,1.841668849,0,2.356637863,95.24308283,1.7282011,0.680806494,0.64589334,1.274330104,0.427686131,95.24308283,1.204503797,1.265601815,0.750632801,0.157109191,1.379069564,95.24308283,0.584795322,1.230688662,0.610980187,0.427686131,1.902766867,95.24308283,3.927729772,0.741904513,0.017456577,0,0.069826307,95.24308283,0.209478921,0.872828838,1.152134067,0,2.522475343,95.24308283,0.91647028,0.226935498,0.034913154,3.569869949,0.008728288,95.24308283
Oregon,9.510240427,13.69545859,14.06945681,3.383793411,8.993766696,50.34728406,8.797862867,12.69813001,13.08993767,11.29118433,3.775601069,50.34728406,2.13713268,9.759572573,20.87266251,0.338379341,16.54496883,50.34728406,9.759572573,21.44256456,8.21015138,1.638468388,8.601959038,50.34728406,6.689365111,11.69637492,8.952533547,7.730823152,8.311636291,56.61926697,3.365983972,5.18254675,7.800534283,0.195903829,33.10774711,50.34728406,14.83526269,8.619768477,6.179875334,12.94746215,7.070347284,50.34728406,10.18699911,11.64737311,7.8539626,1.816562778,18.14781834,50.34728406,5.663401603,12.34194123,4.772929653,3.775601069,23.09884239,50.34728406,27.80053428,16.06411398,4.861976848,0.391807658,0.53428317,50.34728406,0.837043633,8.975957257,9.510240427,0,30.32947462,50.34728406,8.014247551,1.638468388,0.480854853,39.23419412,0.284951024,50.34728406
Pennsylvania,7.624083234,8.732730684,8.127238615,3.974074706,6.651884701,64.88998806,5.00596964,7.973733583,8.715674569,10.2080846,3.206549548,64.88998806,4.315196998,8.962988231,10.80504861,0.503155381,10.52362272,64.88998806,6.413099096,10.42128603,8.340440048,3.377110694,6.55807607,64.88998806,3.477531233,6.703337684,5.6125303,5.351482379,7.915345888,70.93977252,1.918812894,4.366365342,4.801296265,0.34965035,23.67388709,64.88998806,9.414975269,8.272215589,5.031553812,5.125362442,7.265904827,64.88998806,8.698618455,4.895104895,3.863209961,3.240661777,14.41241685,64.88998806,3.974074706,7.00153505,3.80351356,3.32594235,17.00494627,64.88998806,13.15879243,16.24594917,4.596622889,0.878389903,0.230257547,64.88998806,7.419409858,5.619989766,4.289612826,0.528739553,17.25225994,64.88998806,8.997100461,2.012621525,0.776053215,22.97458639,0.34965035,64.88998806
Rhode Island,0,0.904977376,2.262443439,0,5.429864253,91.40271493,1.357466063,4.524886878,0.452488688,0,2.262443439,91.40271493,0,0,1.018099548,0,7.57918552,91.40271493,0.113122172,2.488687783,0,0,5.995475113,91.40271493,0.466744457,0.933488915,3.383897316,0.233372229,0.700116686,94.2823804,0,0.339366516,0.791855204,0,7.466063348,91.40271493,2.828054299,2.601809955,0,2.601809955,0.56561086,91.40271493,0.339366516,0.791855204,0,0,7.466063348,91.40271493,0.339366516,0.339366516,0.226244344,0.678733032,7.013574661,91.40271493,5.429864253,2.601809955,0.56561086,0,0,91.40271493,0.113122172,0.339366516,0.226244344,0,7.918552036,91.40271493,0,0,0,8.597285068,0,91.40271493
South Carolina,1.018651363,2.281205165,3.888091822,0.430416069,4.892395983,87.4892396,1.850789096,4.720229555,2.022955524,1.219512195,2.697274032,87.4892396,0.215208034,1.406025825,3.715925395,0.014347202,7.159253945,87.4892396,1.621233859,4.533715925,1.018651363,0.18651363,5.150645624,87.4892396,1.066034942,2.517026947,3.583061889,1.169677228,1.3769618,90.28723719,0.430416069,0.703012912,0.789096126,0.014347202,10.57388809,87.4892396,3.443328551,2.510760402,1.93687231,2.152080344,2.467718795,87.4892396,1.104734577,1.951219512,1.822094692,0.18651363,7.446197991,87.4892396,0.645624103,2.109038737,0.760401722,0.774748924,8.220946915,87.4892396,5.81061693,4.691535151,1.779053085,0.157819225,0.071736011,87.4892396,0.057388809,1.004304161,2.12338594,0,9.325681492,87.4892396,1.133428981,0.215208034,0.014347202,11.14777618,0,87.4892396
South Dakota,0.336665987,0.550907978,0.326463987,0.051009998,0.948785962,97.78616609,0.204039992,0.469291981,0.540705978,0.346867986,0.652927974,97.78616609,0.020403999,0.438685982,0.581513977,0,1.173229953,97.78616609,0.428483983,0.540705978,0.306059988,0.010202,0.928381963,97.78616609,0.224765018,0.664078463,0.561912546,0.326930936,0.296281161,97.92603188,0.285655989,0.173433993,0.479493981,0,1.275249949,97.78616609,1.081411957,0.25504999,0.010202,0.74474597,0.122423995,97.78616609,0.336665987,0.601917976,0.367271985,0.112221996,0.795755968,97.78616609,0.224443991,0.652927974,0.326463987,0.295857988,0.714139971,97.78616609,2.122015915,0.081615997,0.010202,0,0,97.78616609,0.020403999,0.193837992,0.397877984,0,1.601713936,97.78616609,0.102019996,0.010202,0,2.101611916,0,97.78616609
Tennessee,1.353281197,1.570894254,2.257735464,0.44882693,2.019721183,92.34954097,1.251275077,2.223733424,1.543692622,1.509690581,1.122067324,92.34954097,0.510030602,1.543692622,2.556953417,0.03400204,3.005780347,92.34954097,1.394083645,2.556953417,1.428085685,0.306018361,1.965317919,92.34954097,0.948935008,2.362097215,1.283451666,1.324412889,1.372200983,92.70890224,0.48282897,0.986059164,1.455287317,0.006800408,4.719483169,92.34954097,2.244134648,1.992519551,0.972458348,1.72050323,0.720843251,92.34954097,2.046922815,2.182930976,1.081264876,0.421625298,1.917715063,92.34954097,0.877252635,2.434546073,1.094865692,1.1016661,2.142128528,92.34954097,5.698741925,1.700102006,0.251615097,0,0,92.34954097,0.374022441,1.421285277,1.625297518,0,4.229853791,92.34954097,1.870112207,0.360421625,0.054403264,5.317919075,0.047602856,92.34954097
Texas,2.573333978,3.764558063,4.455613009,0.903687237,3.421446866,84.88136085,2.534673561,4.470110665,3.573672256,3.003431112,1.536751558,84.88136085,0.678973566,2.945440487,5.175663268,0.045909245,6.272652588,84.88136085,3.032426424,5.035519258,2.353452858,0.507417967,4.189822645,84.88136085,1.791645697,3.10770005,1.753900352,2.254655259,2.695017614,88.39708103,0.454259895,1.080075388,1.916106896,0.031411588,11.63678539,84.88136085,3.800802204,4.042429807,2.691731503,1.321702991,3.261972648,84.88136085,3.228144783,3.293384236,2.082829942,0.613734113,5.900546078,84.88136085,1.672063016,3.66307447,1.570579423,1.196056638,7.016865607,84.88136085,6.632677717,6.681003238,1.674479293,0.123230078,0.007248828,84.88136085,0.845696612,3.730730199,2.807712753,0,7.734499589,84.88136085,4.023099599,0.734547915,0.169139322,10.13627797,0.055574349,84.88136085
Utah,6.149035956,9.588327254,13.80927566,2.058363731,11.90724336,56.48775404,7.946847316,15.47681084,8.650338718,7.034914018,4.40333507,56.48775404,0.547159979,6.513809276,15.29442418,0.130276186,21.02657634,56.48775404,6.696195935,19.28087546,4.794163627,0.495049505,12.24596144,56.48775404,6.363636364,11.47727273,4.744318182,7.784090909,8.039772727,61.59090909,2.188639917,2.266805628,7.399687337,0,31.65711308,56.48775404,17.0661803,9.275664409,4.325169359,6.774361647,6.070870245,56.48775404,6.982803544,9.614382491,7.529963523,1.224596144,18.16050026,56.48775404,5.002605524,13.23606045,4.299114122,2.78791037,18.1865555,56.48775404,17.09223554,20.53152684,4.220948411,0.859822824,0.80771235,56.48775404,1.771756123,12.16779573,7.738405419,0.026055237,21.80823345,56.48775404,7.008858781,1.016154247,0.156331423,35.30484627,0.026055237,56.48775404
Vermont,4.571428571,5.714285714,8.095238095,3,8,70.61904762,4.857142857,8.523809524,5.238095238,6.857142857,3.904761905,70.61904762,3.095238095,5.952380952,8.80952381,0.619047619,10.9047619,70.61904762,4.619047619,9.571428571,5.380952381,2.952380952,6.857142857,70.61904762,2.317497103,2.838933951,2.723059096,3.765932793,2.433371958,85.9212051,2.857142857,2.095238095,1.857142857,0.380952381,22.19047619,70.61904762,5.904761905,4.857142857,3.285714286,4.857142857,10.47619048,70.61904762,4.714285714,1.714285714,0.619047619,2,20.33333333,70.61904762,2.047619048,2.476190476,3,1.666666667,20.19047619,70.61904762,14.95238095,8.904761905,4.333333333,1.142857143,0.047619048,70.61904762,0.666666667,2.904761905,2.571428571,0,23.23809524,70.61904762,2.238095238,0.619047619,0.333333333,26.0952381,0.095238095,70.61904762
Virginia,5.834644121,7.47640582,9.398348407,2.187377114,10.12092017,64.98230436,5.200550531,10.52890287,7.17164766,6.886551317,5.230043256,64.98230436,1.681085332,4.935116005,11.87573732,0.147463626,16.37829335,64.98230436,5.775658671,13.23731813,3.504718836,1.312426268,11.18757373,64.98230436,4.011705241,6.922053738,8.427773344,4.767225326,5.533386539,70.33785581,1.337003539,1.720408966,1.892449862,0.068816359,29.99901691,64.98230436,5.697011404,5.372591427,5.451238694,4.571372395,13.92548171,64.98230436,3.612858828,5.755996854,4.71883602,0.958513567,19.97149037,64.98230436,2.610106174,6.950452222,2.14805348,1.710578057,21.5985057,64.98230436,10.65670468,10.58297287,8.621706646,3.529296107,1.627015336,64.98230436,2.447896186,6.041093197,4.355092411,0,22.17361384,64.98230436,8.867479355,1.867872591,0.122886355,24.09555643,0.063900904,64.98230436
Washington,12.67073525,16.0418483,15.78029643,4.780587039,10.68003487,40.04649811,9.604766056,14.58878233,15.75123511,15.1409474,4.867770997,40.04649811,4.126707353,14.21098518,21.21476315,0.276082534,20.12496367,40.04649811,11.07236269,22.04301075,11.92967161,3.095030514,11.81342633,40.04649811,7.744479495,16.57728707,8.974763407,10.11041009,13.12302839,43.47003155,4.940424295,7.875617553,8.645742517,0.741063644,37.75065388,40.04649811,16.1145016,10.98517873,7.614065679,15.03923278,10.2005231,40.04649811,13.54257483,13.84771869,8.791049114,3.821563499,19.95059576,40.04649811,7.032839291,15.66405115,6.669572799,6.248183668,24.33885498,40.04649811,25.32693984,25.4141238,6.931124673,1.191514095,1.089799477,40.04649811,4.431851206,13.97849462,12.42371404,0.029061319,29.07585004,40.06102877,12.27840744,2.571926765,0.770124964,44.11508282,0.217959895,40.04649811
Washington DC,37.33333333,30.66666667,12,20,0,0,10.66666667,7.333333333,37.33333333,44.66666667,0,0,6.666666667,44,46,0,3.333333333,0,35.33333333,35.33333333,23.33333333,5.333333333,0.666666667,0,8.666666667,10,0,37.33333333,44,0,5.333333333,30,24,0,40.66666667,0,39.33333333,30.66666667,8.666666667,19.33333333,2,0,58.66666667,30,2.666666667,8,0.666666667,0,25.33333333,27.33333333,29.33333333,12,6,0,30.66666667,55.33333333,13.33333333,0.666666667,0,0,62.66666667,20.66666667,8.666666667,0.666666667,7.333333333,0,40.66666667,5.333333333,2.666666667,50,1.333333333,0
West Virginia,1.066666667,2.23030303,3.503030303,0.56969697,3.296969697,89.33333333,1.781818182,3.660606061,2.072727273,1.393939394,1.757575758,89.33333333,0.557575758,1.503030303,2.96969697,0.084848485,5.551515152,89.33333333,1.260606061,3.563636364,1.260606061,0.557575758,4.024242424,89.33333333,0.519480519,1.363636364,1.207792208,0.623376623,0.571428571,95.71428571,0.181818182,0.654545455,0.4,0.060606061,9.36969697,89.33333333,1.127272727,1.490909091,2.096969697,1.187878788,4.763636364,89.33333333,0.836363636,0.703030303,0.884848485,0.254545455,7.987878788,89.33333333,0.339393939,1.103030303,0.436363636,0.278787879,8.509090909,89.33333333,4.436363636,3.490909091,2.16969697,0.484848485,0.084848485,89.33333333,0.121212121,0.545454545,0.945454545,0,9.054545455,89.33333333,0.8,0.145454545,0.036363636,9.672727273,0.012121212,89.33333333
Wisconsin,4.17562724,3.960573477,3.53046595,1.657706093,2.67921147,83.99641577,2.32078853,3.467741935,3.862007168,5.241935484,1.111111111,83.99641577,1.254480287,4.507168459,5.672043011,0.143369176,4.426523297,83.99641577,3.826164875,4.955197133,3.503584229,1.039426523,2.67921147,83.99641577,2.114803625,3.900027465,1.968323721,2.609173304,3.588757667,85.81891422,1.200716846,3.593189964,3.270609319,0.134408602,7.804659498,83.99641577,5.107526882,3.001792115,1.397849462,5.152329749,1.344086022,83.99641577,5.098566308,3.853046595,1.388888889,1.388888889,4.274193548,83.99641577,2.016129032,4.292114695,2.392473118,2.204301075,5.098566308,83.99641577,8.315412186,6.532258065,0.582437276,0.430107527,0.143369176,83.99641577,0.743727599,3.396057348,2.70609319,0.008960573,9.14874552,83.99641577,3.234767025,0.636200717,0.143369176,11.87275986,0.116487455,83.99641577
Wyoming,2.028985507,3.739130435,5.072463768,0.434782609,5.507246377,83.2173913,2.289855072,6.202898551,3.768115942,2.028985507,2.492753623,83.2173913,0.260869565,2.202898551,6.231884058,0.086956522,8,83.2173913,3.188405797,6.289855072,1.565217391,0.260869565,5.47826087,83.2173913,1.656578528,3.026441542,1.465434852,1.338005734,1.05129022,91.46224912,1.652173913,0.666666667,1.68115942,0,12.7826087,83.2173913,2.492753623,3.362318841,1.884057971,4.144927536,4.898550725,83.2173913,2.231884058,2.289855072,2.028985507,0.144927536,10.08695652,83.2173913,1.333333333,2.724637681,1.072463768,0.927536232,10.72463768,83.2173913,11.39130435,3.275362319,2.086956522,0,0.028985507,83.2173913,1.014492754,1.188405797,0.637681159,0.434782609,13.50724638,83.2173913,0.579710145,0,0.898550725,14.7826087,0.52173913,83.2173913
